feature,importance
num__fva_range,0.3574999698955853
num__glucose,0.28277670868255
num__log_volume,0.2715270105273882
num__temperature,0.03085803590978506
num__anisotropy_log,0.02066675080871057
num__pH,0.010349369889392012
num__flux_std,0.006106133196903204
cat__mixing_low,0.0050294310415498105
num__ammonium,0.004566073927974069
num__sulfate,0.003798925172486241
cat__mixing_medium,0.0032343106033654347
cat__mixing_high,0.001954631835274927
num__phosphate,0.0016326485090350916
